SAMEA10029420	ERR7162974	1
SAMEA10029421	ERR7162975	1
SAMEA10029424	ERR7162976	1
SAMEA10029425	ERR7162977	1
SAMEA10029426	ERR7162978	1
SAMEA10029428	ERR7162979	1
SAMEA10029429	ERR7162980	1
SAMEA10029430	ERR7162981	1
SAMEA10029432	ERR7162982	1
SAMEA10029433	ERR7162983	1
SAMEA10029435	ERR7162984	1
SAMEA10029436	ERR7162985	1
SAMEA10029437	ERR7162986	1
SAMEA10029749	ERR7910843	1
SAMEA10029750	ERR7910845,ERR7910844	1
SAMEA10029751	ERR7910846	1
SAMEA10029752	ERR7910982	1
SAMEA10029753	ERR7910847,ERR7910848	1
SAMEA10029754	ERR7910983	1
SAMEA10029755	ERR7910849	1
SAMEA10029756	ERR7910850	1
SAMEA10029757	ERR7910852,ERR7910851	1
SAMEA10029758	ERR7910853	1
SAMEA10029759	ERR7910984	1
SAMEA10029760	ERR7910985	1
SAMEA10029761	ERR7910854	1
SAMEA10029762	ERR7910986,ERR7910987	1
SAMEA10029763	ERR7910855	1
SAMEA10029764	ERR7910988	1
SAMEA10029765	ERR7910856	1
SAMEA10029766	ERR7910857	1
SAMEA10029767	ERR7910858	1
SAMEA10029768	ERR7910989	1
SAMEA10029769	ERR7910860,ERR7910859	1
SAMEA10029770	ERR7910861	1
SAMEA10029771	ERR7910862	1
SAMEA10029772	ERR7910863	1
SAMEA10029773	ERR7910990	1
SAMEA10029774	ERR7910991	1
SAMEA10029775	ERR7910864	1
SAMEA10029776	ERR7910865	1
SAMEA10029777	ERR7910992	1
SAMEA10029778	ERR7910866	1
SAMEA10029779	ERR7910993	1
SAMEA10029780	ERR7910994	1
SAMEA10029781	ERR7910867	1
SAMEA10029782	ERR7910868	1
SAMEA10029783	ERR7910995	1
SAMEA10029784	ERR7910869	1
SAMEA10029785	ERR7910870	1
SAMEA10029786	ERR7910871	1
SAMEA10029787	ERR7910872	1
SAMEA10029788	ERR7910873	1
SAMEA10029789	ERR7910874	1
SAMEA10029790	ERR7910996	1
SAMEA10029791	ERR7910997	1
SAMEA10029792	ERR7910875,ERR7910877,ERR7910876	1
SAMEA10029793	ERR7910878	1
SAMEA10029794	ERR7910998	1
SAMEA10029795	ERR7910879	1
SAMEA10029796	ERR7910999	1
SAMEA10029797	ERR7910880	1
SAMEA10029798	ERR7910881	1
SAMEA10029799	ERR7910882	1
SAMEA10029800	ERR7910883	1
SAMEA10029801	ERR7910884	1
SAMEA10029802	ERR7910885	1
SAMEA10029803	ERR7911000	1
SAMEA10029804	ERR7910886	1
SAMEA10029805	ERR7910887	1
SAMEA10029806	ERR7910888	1
SAMEA10029807	ERR7911001	1
SAMEA10029808	ERR7910890,ERR7910889	1
SAMEA10029809	ERR7910891	1
SAMEA10029810	ERR7911002	1
SAMEA10029811	ERR7911003	1
SAMEA10029812	ERR7911004	1
SAMEA10029813	ERR7911339	1
SAMEA10029814	ERR7911005	1
SAMEA10029815	ERR7910892	1
SAMEA10029816	ERR7911006	1
SAMEA10029817	ERR7911007	1
SAMEA10029818	ERR7911008	1
SAMEA10029819	ERR7910893	1
SAMEA10029820	ERR7911009	1
SAMEA10029821	ERR7911010	1
SAMEA10029822	ERR7911340	1
SAMEA10029823	ERR7911011	1
SAMEA10029824	ERR7911012	1
SAMEA10029825	ERR7911013	1
SAMEA10029826	ERR7911014	1
SAMEA10029827	ERR7911015	1
SAMEA10029828	ERR7911341	1
SAMEA10029829	ERR7911342	1
SAMEA10029830	ERR7911343	1
SAMEA10029831	ERR7911344	1
SAMEA10029832	ERR7911345	1
SAMEA10029833	ERR7911346	1
SAMEA10029834	ERR7911348,ERR7911347	1
SAMEA10029835	ERR7911349,ERR7911350	1
SAMEA10029836	ERR7911353,ERR7911352,ERR7911351	1
SAMEA10029837	ERR7911355,ERR7911354	1
SAMEA10029838	ERR7911357,ERR7911356	1
SAMEA10029839	ERR7911358,ERR7911360,ERR7911359	1
SAMEA10029840	ERR7911362,ERR7911361	1
SAMEA10029841	ERR7911365,ERR7911364,ERR7911363	1
SAMEA10029842	ERR7911366	1
SAMEA10029843	ERR7911367	1
SAMEA10029844	ERR7911368	1
SAMEA10029845	ERR7911370,ERR7911369	1
SAMEA10029846	ERR7911371	1
SAMEA10029847	ERR7911372	1
SAMEA10029848	ERR7911373	1
SAMEA10029849	ERR7911374	1
SAMEA10029850	ERR7911375	1
SAMEA10029851	ERR7912726	1
SAMEA10029852	ERR7912727	1
SAMEA10029853	ERR7911376	1
SAMEA10029854	ERR7911101	1
SAMEA10029855	ERR7911102	1
SAMEA10029856	ERR7911103	1
SAMEA10029857	ERR7911104	1
SAMEA10029858	ERR7911105	1
SAMEA10029859	ERR7911106	1
SAMEA10029860	ERR7911107	1
SAMEA10029861	ERR7911108	1
SAMEA10029862	ERR7911109	1
SAMEA10029863	ERR7911110	1
SAMEA10029864	ERR7911111	1
SAMEA10029865	ERR7911112	1
SAMEA10029866	ERR7911113	1
SAMEA10029867	ERR7911114	1
SAMEA10029868	ERR7911115	1
SAMEA10029869	ERR7911116	1
SAMEA10029870	ERR7911117	1
SAMEA10029871	ERR7911118	1
SAMEA10029872	ERR7911119	1
SAMEA10029873	ERR7911120	1
SAMEA10029874	ERR7911121	1
SAMEA10029875	ERR7911122	1
SAMEA10029876	ERR7911123	1
SAMEA10029877	ERR7911124	1
SAMEA10029878	ERR7911125	1
SAMEA10029879	ERR7911126	1
SAMEA10029880	ERR7911127	1
SAMEA10029881	ERR7911128	1
SAMEA10029882	ERR7911129	1
SAMEA10029883	ERR7911130	1
SAMEA10029884	ERR7911131	1
SAMEA10029885	ERR7911132	1
SAMEA10029886	ERR7911133	1
SAMEA10029887	ERR7911134	1
SAMEA10029888	ERR7911135	1
SAMEA10029889	ERR7911136	1
SAMEA10029890	ERR7911137	1
SAMEA10029891	ERR7911138	1
SAMEA10029892	ERR7911139	1
SAMEA10029893	ERR7911140	1
SAMEA10029894	ERR7911141	1
SAMEA10029895	ERR7911142	1
SAMEA10029896	ERR7911143	1
SAMEA10029897	ERR7911144	1
SAMEA10029898	ERR7911145	1
SAMEA10029899	ERR7911146	1
SAMEA10029900	ERR7911147	1
SAMEA10029901	ERR7911323	1
SAMEA10029902	ERR7911148	1
SAMEA10029903	ERR7911149	1
SAMEA10029904	ERR7911150	1
SAMEA10029905	ERR7911151	1
SAMEA10029906	ERR7911152	1
SAMEA10029907	ERR7911153	1
SAMEA10029908	ERR7911154	1
SAMEA10029909	ERR7911155	1
SAMEA10029910	ERR7911156	1
SAMEA10029911	ERR7911157	1
SAMEA10029912	ERR7911158	1
SAMEA10029913	ERR7911159	1
SAMEA10029914	ERR7911160	1
SAMEA10029915	ERR7911161	1
SAMEA10029916	ERR7911162	1
SAMEA10029917	ERR7911163	1
SAMEA10029918	ERR7911164	1
SAMEA10029919	ERR7911165	1
SAMEA10029920	ERR7911166	1
SAMEA10029921	ERR7911167	1
SAMEA10029922	ERR7911168	1
SAMEA10029923	ERR7911169	1
SAMEA10029924	ERR7911170	1
SAMEA10029925	ERR7911324	1
SAMEA10029926	ERR7911171	1
SAMEA10029927	ERR7911172	1
SAMEA10029928	ERR7911173	1
SAMEA10029929	ERR7911174	1
SAMEA10029930	ERR7911175	1
SAMEA10029931	ERR7911325	1
SAMEA10029932	ERR7911326	1
SAMEA10029933	ERR7911176	1
SAMEA10029934	ERR7911177	1
SAMEA10029935	ERR7911178	1
SAMEA10029936	ERR7911179	1
SAMEA10029937	ERR7911327	1
SAMEA10029938	ERR7911180	1
SAMEA10029939	ERR7911181	1
SAMEA10029940	ERR7911182	1
SAMEA10029941	ERR7911183	1
SAMEA10029942	ERR7911184	1
SAMEA10029943	ERR7911185	1
SAMEA10029944	ERR7911186	1
SAMEA10029945	ERR7911187	1
SAMEA10029946	ERR7911328	1
SAMEA10029947	ERR7911188	1
SAMEA10029948	ERR7911329	1
SAMEA10029949	ERR7911330	1
SAMEA10029950	ERR7911331	1
SAMEA10029951	ERR7911332	1
SAMEA10029952	ERR7911333	1
SAMEA10029953	ERR7911334	1
SAMEA10029954	ERR7911274	1
SAMEA10029955	ERR7911275	1
SAMEA10029956	ERR7911276	1
SAMEA10029957	ERR7911277	1
SAMEA10029958	ERR7911278	1
SAMEA10029959	ERR7911279	1
SAMEA10029960	ERR7911280	1
SAMEA10029961	ERR7911281	1
SAMEA10029962	ERR7911282	1
SAMEA10029963	ERR7911283	1
SAMEA10029964	ERR7911284	1
SAMEA10029965	ERR7911285	1
SAMEA10029966	ERR7911286	1
SAMEA10029967	ERR7911287	1
SAMEA10029968	ERR7911288	1
SAMEA10029969	ERR7911289	1
SAMEA10029970	ERR7911290	1
SAMEA10029971	ERR7911291	1
SAMEA10029972	ERR7911292	1
SAMEA10029973	ERR7911293	1
SAMEA10029974	ERR7911294	1
SAMEA10029975	ERR7911295	1
SAMEA10029976	ERR7911296	1
SAMEA10029977	ERR7911297	1
SAMEA10029978	ERR7911298	1
SAMEA10029979	ERR7911299	1
SAMEA10029980	ERR7911300	1
SAMEA10029981	ERR7911301	1
SAMEA10029982	ERR7911302	1
SAMEA10029983	ERR7911303	1
SAMEA10029984	ERR7911304	1
SAMEA10029985	ERR7911305	1
SAMEA10029986	ERR7911306	1
SAMEA10029987	ERR7911307	1
SAMEA10029988	ERR7911308	1
SAMEA10029989	ERR7911309	1
SAMEA10029990	ERR7911310	1
SAMEA10029991	ERR7911311	1
SAMEA10029992	ERR7911312	1
SAMEA10029993	ERR7911313	1
SAMEA10029994	ERR7911314	1
SAMEA10029995	ERR7911315	1
SAMEA10029996	ERR7911316	1
SAMEA10029997	ERR7911317	1
SAMEA10029998	ERR7911318	1
SAMEA10029999	ERR7911319	1
SAMEA10030000	ERR7911320	1
SAMEA10030001	ERR7911321	1
SAMEA10030002	ERR7911322	1
SAMEA10030003	ERR7911471	1
SAMEA10030004	ERR7911472	1
SAMEA10030005	ERR7911474	1
SAMEA10030006	ERR7911475	1
SAMEA10030007	ERR7911476	1
SAMEA10030008	ERR7911477	1
SAMEA10030009	ERR7911478	1
SAMEA10030010	ERR7911479	1
SAMEA10030011	ERR7911480	1
SAMEA10030012	ERR7911481	1
SAMEA10030013	ERR7911482	1
SAMEA10030014	ERR7911483	1
SAMEA10030015	ERR7911484	1
SAMEA10030016	ERR7911485	1
SAMEA10030017	ERR7911486	1
SAMEA10030018	ERR7911487	1
SAMEA10030019	ERR7911488	1
SAMEA10030020	ERR7911489	1
SAMEA10030021	ERR7911490	1
SAMEA10030022	ERR7911491	1
SAMEA10030023	ERR7911492	1
SAMEA10030024	ERR7911493	1
SAMEA10030025	ERR7911495	1
SAMEA10030026	ERR7911496	1
SAMEA10030027	ERR7911497	1
SAMEA10030028	ERR7911498	1
SAMEA10030029	ERR7911499	1
SAMEA10030030	ERR7911500	1
SAMEA10030031	ERR7911501	1
SAMEA10030032	ERR7911502	1
SAMEA10030033	ERR7911503	1
SAMEA10030034	ERR7911504	1
SAMEA10030035	ERR7911505	1
SAMEA10030036	ERR7911506	1
SAMEA10030037	ERR7911507	1
SAMEA10030038	ERR7911508	1
SAMEA10030039	ERR7911509	1
SAMEA10030040	ERR7911510	1
SAMEA10030041	ERR7911511	1
SAMEA10030042	ERR7911512	1
SAMEA10030043	ERR7911513	1
SAMEA10030044	ERR7911514	1
SAMEA10030045	ERR7911515	1
SAMEA10030046	ERR7911516	1
SAMEA10030047	ERR7911517	1
SAMEA10030048	ERR7911518	1
SAMEA10030049	ERR7911519	1
SAMEA10030050	ERR7911520	1
SAMEA10030051	ERR7911073	1
SAMEA10030052	ERR7911075	1
SAMEA10030053	ERR7911070	1
SAMEA10030054	ERR7911076	1
SAMEA10030055	ERR7911071	1
SAMEA10030056	ERR7911072	1
SAMEA10030057	ERR7911074	1
SAMEA10030058	ERR7911336	1
SAMEA10030059	ERR7911335	1
SAMEA10030060	ERR7911377	1
SAMEA10030061	ERR7911337	1
SAMEA10030062	ERR7911338	1
SAMEA10030063	ERR7911378	1
SAMEA10030064	ERR7911379	1
SAMEA10030065	ERR7910949	1
SAMEA10030066	ERR7910950	1
SAMEA10030067	ERR7911381,ERR7911380	1
SAMEA10030068	ERR7911382	1
SAMEA10030069	ERR7911383	1
SAMEA10030070	ERR7911384	1
SAMEA10030071	ERR7911385	1
SAMEA10030072	ERR7911386	1
SAMEA10030073	ERR7911387	1
SAMEA10030074	ERR7911388	1
SAMEA10030075	ERR7911389	1
SAMEA10030076	ERR7911390	1
SAMEA10030077	ERR7912728	1
SAMEA10030078	ERR7911391	1
SAMEA10030079	ERR7911392	1
SAMEA10030080	ERR7911393,ERR7911394	1
SAMEA10030081	ERR7911396,ERR7911395,ERR7911397	1
SAMEA10030082	ERR7911398	1
SAMEA10030083	ERR7911399	1
SAMEA10030084	ERR7911400	1
SAMEA10030085	ERR7911401	1
SAMEA10030086	ERR7911402	1
SAMEA10030087	ERR7911403	1
SAMEA10030088	ERR7911404	1
SAMEA10030089	ERR7911405	1
SAMEA10030090	ERR7911406	1
SAMEA10030091	ERR7911407	1
SAMEA10030092	ERR7911408	1
SAMEA10030093	ERR7911409	1
SAMEA10030094	ERR7911410	1
SAMEA10030095	ERR7911411	1
SAMEA10030096	ERR7911412	1
SAMEA10030097	ERR7911413	1
SAMEA10030098	ERR7911414	1
SAMEA10030099	ERR7911415	1
SAMEA10030100	ERR7911416	1
SAMEA10030101	ERR7911417	1
SAMEA10030102	ERR7911418	1
SAMEA10030103	ERR7911419	1
SAMEA10030104	ERR7911420	1
SAMEA10030105	ERR7911421	1
SAMEA10030106	ERR7911422	1
SAMEA10030107	ERR7911423	1
SAMEA10030108	ERR7911424	1
SAMEA10030109	ERR7911425	1
SAMEA10030110	ERR7911426	1
SAMEA10030111	ERR7911427	1
SAMEA10030112	ERR7911709	1
SAMEA10030113	ERR7911710	1
SAMEA10030114	ERR7911711	1
SAMEA10030115	ERR7911712	1
SAMEA10030116	ERR7911713	1
SAMEA10030117	ERR7911714	1
SAMEA10030118	ERR7911715	1
SAMEA10030119	ERR7911717	1
SAMEA10030120	ERR7911718	1
SAMEA10030121	ERR7911719	1
SAMEA10030122	ERR7911720	1
SAMEA10030123	ERR7911721	1
SAMEA10030124	ERR7911722	1
SAMEA10030125	ERR7911723	1
SAMEA10030126	ERR7911724	1
SAMEA10030127	ERR7911725	1
SAMEA10030128	ERR7911726	1
SAMEA10030129	ERR7911727	1
SAMEA10030130	ERR7911728	1
SAMEA10030131	ERR7911729	1
SAMEA10030132	ERR7911730	1
SAMEA10030133	ERR7911731	1
SAMEA10030134	ERR7911732	1
SAMEA10030135	ERR7911733	1
SAMEA10030136	ERR7911734	1
SAMEA10030137	ERR7911735	1
SAMEA10030138	ERR7911736	1
SAMEA10030139	ERR7911737	1
SAMEA10030140	ERR7911738	1
SAMEA10030141	ERR7911739	1
SAMEA10030142	ERR7911740	1
SAMEA10030143	ERR7911741	1
SAMEA10030144	ERR7911742	1
SAMEA10030145	ERR7911743	1
SAMEA10030146	ERR7911744	1
SAMEA10030147	ERR7911745	1
SAMEA10030148	ERR7911746	1
SAMEA10030149	ERR7911747	1
SAMEA10030150	ERR7911748	1
SAMEA10030151	ERR7911749	1
SAMEA10030152	ERR7911750	1
SAMEA10030153	ERR7911752	1
SAMEA10030154	ERR7911753	1
SAMEA10030155	ERR7911189	1
SAMEA10030156	ERR7911190	1
SAMEA10030157	ERR7911191	1
SAMEA10030158	ERR7911192	1
SAMEA10030159	ERR7911193	1
SAMEA10030160	ERR7911194	1
SAMEA10030161	ERR7911428	1
SAMEA10030162	ERR7911195	1
SAMEA10030163	ERR7911196	1
SAMEA10030164	ERR7911197	1
SAMEA10030165	ERR7911198	1
SAMEA10030166	ERR7911199	1
SAMEA10030167	ERR7911200	1
SAMEA10030169	ERR7911201	1
SAMEA10030170	ERR7911202	1
SAMEA10030171	ERR7911203	1
SAMEA10030172	ERR7911204	1
SAMEA10030173	ERR7911429	1
SAMEA10030174	ERR7911205	1
SAMEA10030175	ERR7911206	1
SAMEA10030176	ERR7911430	1
SAMEA10030177	ERR7911207	1
SAMEA10030178	ERR7911208	1
SAMEA10030179	ERR7911209	1
SAMEA10030180	ERR7911210	1
SAMEA10030181	ERR7911211	1
SAMEA10030182	ERR7911431	1
SAMEA10030183	ERR7911432	1
SAMEA10030184	ERR7911212	1
SAMEA10030185	ERR7911213	1
SAMEA10030186	ERR7911214	1
SAMEA10030187	ERR7911215	1
SAMEA10030188	ERR7911216	1
SAMEA10030189	ERR7911433	1
SAMEA10030190	ERR7911217	1
SAMEA10030191	ERR7911434	1
SAMEA10030192	ERR7911435	1
SAMEA10030193	ERR7911436	1
SAMEA10030194	ERR7911437	1
SAMEA10030195	ERR7911438	1
SAMEA10030196	ERR7911439	1
SAMEA10030197	ERR7911440	1
SAMEA10030198	ERR7911441	1
SAMEA10030199	ERR7911442	1
SAMEA10030200	ERR7911443	1
SAMEA10030201	ERR7911444	1
SAMEA10030202	ERR7911445	1
SAMEA10030203	ERR7911446	1
SAMEA10030204	ERR7911447	1
SAMEA10030205	ERR7911448	1
SAMEA10030206	ERR7911449	1
SAMEA10030207	ERR7911450	1
SAMEA10030208	ERR7911038	1
SAMEA10030209	ERR7911039	1
SAMEA10030210	ERR7910929	1
SAMEA10030211	ERR7910932	1
SAMEA10030212	ERR7910933	1
SAMEA10030213	ERR7911040	1
SAMEA10030214	ERR7910934	1
SAMEA10030215	ERR7911041	1
SAMEA10030216	ERR7910935	1
SAMEA10030217	ERR7910936	1
SAMEA10030218	ERR7910937	1
SAMEA10030219	ERR7910938	1
SAMEA10030220	ERR7910939,ERR7910940	1
SAMEA10030221	ERR7910941	1
SAMEA10030222	ERR7910943,ERR7910942	1
SAMEA10030223	ERR7910944	1
SAMEA10030224	ERR7910945	1
SAMEA10030225	ERR7910946	1
SAMEA10030226	ERR7910947	1
SAMEA10030227	ERR7910948	1
SAMEA10030228	ERR7911042	1
SAMEA10030229	ERR7911043	1
SAMEA10030230	ERR7911044	1
SAMEA10030231	ERR7911045	1
SAMEA10030232	ERR7911046	1
SAMEA10030233	ERR7911047	1
SAMEA10030234	ERR7911048	1
SAMEA10030235	ERR7911049	1
SAMEA10030236	ERR7911050	1
SAMEA10030237	ERR7911051	1
SAMEA10030238	ERR7911052	1
SAMEA10030239	ERR7911053	1
SAMEA10030240	ERR7911054	1
SAMEA10030241	ERR7911055	1
SAMEA10030242	ERR7910894	1
SAMEA10030243	ERR7911056	1
SAMEA10030244	ERR7911057	1
SAMEA10030245	ERR7911058	1
SAMEA10030246	ERR7911059	1
SAMEA10030247	ERR7911060	1
SAMEA10030248	ERR7911061	1
SAMEA10030249	ERR7911062	1
SAMEA10030250	ERR7911069	1
SAMEA10030251	ERR7911063	1
SAMEA10030252	ERR7911064	1
SAMEA10030253	ERR7910895	1
SAMEA10030254	ERR7911065	1
SAMEA10030255	ERR7911066	1
SAMEA10030256	ERR7911067	1
SAMEA10030257	ERR7911068	1
SAMEA10030258	ERR7910896	1
SAMEA10030259	ERR7910897	1
SAMEA10030260	ERR7910898	1
SAMEA10030261	ERR7910899	1
SAMEA10030262	ERR7910900	1
SAMEA10030263	ERR7910901	1
SAMEA10030264	ERR7910902	1
SAMEA10030265	ERR7910903	1
SAMEA10030266	ERR7910904	1
SAMEA10030267	ERR7910905	1
SAMEA10030268	ERR7910906	1
SAMEA10030269	ERR7910907	1
SAMEA10030270	ERR7910908	1
SAMEA10030271	ERR7910909	1
SAMEA10030272	ERR7910910	1
SAMEA10030273	ERR7910911	1
SAMEA10030274	ERR7910912	1
SAMEA10030275	ERR7910913	1
SAMEA10030276	ERR7910914	1
SAMEA10030277	ERR7910915	1
SAMEA10030278	ERR7910916	1
SAMEA10030279	ERR7910917	1
SAMEA10030280	ERR7910918	1
SAMEA10030281	ERR7910919	1
SAMEA10030282	ERR7910920	1
SAMEA10030283	ERR7910921	1
SAMEA10030284	ERR7910922	1
SAMEA10030285	ERR7910923	1
SAMEA10030286	ERR7910924	1
SAMEA10030287	ERR7911077	1
SAMEA10030288	ERR7910925	1
SAMEA10030289	ERR7910926	1
SAMEA10030290	ERR7910927	1
SAMEA10030291	ERR7910928	1
SAMEA10030292	ERR7910930	1
SAMEA10030293	ERR7910931	1
SAMEA10030294	ERR7911078	1
SAMEA10030295	ERR7911079	1
SAMEA10030296	ERR7911080	1
SAMEA10030297	ERR7911081	1
SAMEA10030298	ERR7911082	1
SAMEA10030299	ERR7911083	1
SAMEA10030300	ERR7911016	1
SAMEA10030301	ERR7911017	1
SAMEA10030302	ERR7911018	1
SAMEA10030303	ERR7911019	1
SAMEA10030304	ERR7911020	1
SAMEA10030305	ERR7911084	1
SAMEA10030306	ERR7911085	1
SAMEA10030307	ERR7911021	1
SAMEA10030308	ERR7911022	1
SAMEA10030309	ERR7911023	1
SAMEA10030310	ERR7911024	1
SAMEA10030311	ERR7911086	1
SAMEA10030312	ERR7911087	1
SAMEA10030313	ERR7911025	1
SAMEA10030314	ERR7911026	1
SAMEA10030315	ERR7911027	1
SAMEA10030316	ERR7911029	1
SAMEA10030317	ERR7911028	1
SAMEA10030318	ERR7911088	1
SAMEA10030319	ERR7911030	1
SAMEA10030320	ERR7911089	1
SAMEA10030321	ERR7911031	1
SAMEA10030322	ERR7911032	1
SAMEA10030323	ERR7911090	1
SAMEA10030324	ERR7911091	1
SAMEA10030325	ERR7911033	1
SAMEA10030326	ERR7911034	1
SAMEA10030327	ERR7911092	1
SAMEA10030328	ERR7911035	1
SAMEA10030329	ERR7911093	1
SAMEA10030330	ERR7911036	1
SAMEA10030331	ERR7911037	1
SAMEA10030332	ERR7911094	1
SAMEA10030333	ERR7911095	1
SAMEA10030334	ERR7911096	1
SAMEA10030335	ERR7911097	1
SAMEA10030336	ERR7911218	1
SAMEA10030337	ERR7911098	1
SAMEA10030338	ERR7911219	1
SAMEA10030339	ERR7911220	1
SAMEA10030340	ERR7911099	1
SAMEA10030341	ERR7911100	1
SAMEA10030342	ERR7911221	1
SAMEA10030343	ERR7911222	1
SAMEA10030344	ERR7911223	1
SAMEA10030345	ERR7911224	1
SAMEA10030346	ERR7911225	1
SAMEA10030347	ERR7912724,ERR7912725	1
SAMEA10030348	ERR7911226	1
SAMEA10030349	ERR7911227	1
SAMEA10030350	ERR7911228	1
SAMEA10030351	ERR7911229	1
SAMEA10030352	ERR7911230	1
SAMEA10030353	ERR7911231	1
SAMEA10030354	ERR7911232	1
SAMEA10030355	ERR7911233	1
SAMEA10030356	ERR7911234	1
SAMEA10030357	ERR7911235	1
SAMEA10030358	ERR7911236	1
SAMEA10030359	ERR7911237	1
SAMEA10030360	ERR7911238	1
SAMEA10030361	ERR7911239	1
SAMEA10030362	ERR7911240	1
SAMEA10030363	ERR7911241	1
SAMEA10030364	ERR7911242	1
SAMEA10030365	ERR7911243	1
SAMEA10030366	ERR7911244	1
SAMEA10030367	ERR7911245	1
SAMEA10030368	ERR7911246	1
SAMEA10030369	ERR7911247	1
SAMEA10030370	ERR7911248	1
SAMEA10030371	ERR7911249	1
SAMEA10030372	ERR7911250	1
SAMEA10030373	ERR7911251	1
SAMEA10030374	ERR7910951	1
SAMEA10030375	ERR7911252	1
SAMEA10030376	ERR7911253	1
SAMEA10030377	ERR7911254	1
SAMEA10030378	ERR7911255	1
SAMEA10030379	ERR7911256	1
SAMEA10030380	ERR7911257	1
SAMEA10030381	ERR7911258	1
SAMEA10030382	ERR7911259	1
SAMEA10030383	ERR7911260	1
SAMEA10030384	ERR7911261	1
SAMEA10030385	ERR7911262	1
SAMEA10030386	ERR7911263	1
SAMEA10030387	ERR7911264	1
SAMEA10030388	ERR7910952	1
SAMEA10030389	ERR7911265	1
SAMEA10030390	ERR7911266	1
SAMEA10030391	ERR7911267	1
SAMEA10030392	ERR7910953	1
SAMEA10030393	ERR7911268	1
SAMEA10030394	ERR7911269	1
SAMEA10030395	ERR7911270	1
SAMEA10030396	ERR7911271	1
SAMEA10030397	ERR7911272	1
SAMEA10030398	ERR7911273	1
SAMEA10030399	ERR7910954	1
SAMEA10030400	ERR7910955	1
SAMEA10030401	ERR7910956	1
SAMEA10030402	ERR7910957	1
SAMEA10030403	ERR7910958	1
SAMEA10030404	ERR7910959	1
SAMEA10030405	ERR7910960	1
SAMEA10030406	ERR7910961	1
SAMEA10030407	ERR7910962	1
SAMEA10030408	ERR7910963	1
SAMEA10030409	ERR7910964	1
SAMEA10030410	ERR7910965	1
SAMEA10030411	ERR7910966	1
SAMEA10030412	ERR7910967	1
SAMEA10030413	ERR7910968	1
SAMEA10030414	ERR7910969	1
SAMEA10030415	ERR7910970	1
SAMEA10030416	ERR7910971	1
SAMEA10030417	ERR7910972	1
SAMEA10030418	ERR7910973	1
SAMEA10030419	ERR7910974	1
SAMEA10030420	ERR7910975	1
SAMEA10030421	ERR7910976	1
SAMEA10030422	ERR7910977	1
SAMEA10030423	ERR7910978	1
SAMEA10030424	ERR7910979	1
SAMEA10030425	ERR7910980	1
SAMEA10030426	ERR7910981	1
SAMEA10030427	ERR7911526	1
SAMEA10030428	ERR7911527	1
SAMEA10030429	ERR7911528	1
SAMEA10030430	ERR7911529	1
SAMEA10030431	ERR7911530	1
SAMEA10030432	ERR7911531	1
SAMEA10030433	ERR7911532	1
SAMEA10030434	ERR7911533	1
SAMEA10030435	ERR7911534	1
SAMEA10030436	ERR7911535	1
SAMEA10030437	ERR7911536	1
SAMEA10030438	ERR7911537	1
SAMEA10030439	ERR7911538	1
SAMEA10030440	ERR7911539	1
SAMEA10030441	ERR7911540	1
SAMEA10030442	ERR7911542	1
SAMEA10030443	ERR7911543	1
SAMEA10030444	ERR7911544	1
SAMEA10030445	ERR7911545	1
SAMEA10030446	ERR7911546	1
SAMEA10030447	ERR7911547	1
SAMEA10030448	ERR7911548	1
SAMEA10030449	ERR7911549	1
SAMEA10030450	ERR7911550	1
SAMEA10030451	ERR7911551	1
SAMEA10030452	ERR7911552	1
SAMEA10030453	ERR7911553	1
SAMEA10030454	ERR7911554	1
SAMEA10030455	ERR7911555	1
SAMEA10030456	ERR7911556	1
SAMEA10030457	ERR7911557	1
SAMEA10030458	ERR7911558	1
SAMEA10030459	ERR7911559	1
SAMEA10030460	ERR7911560	1
SAMEA10030461	ERR7911562	1
SAMEA10030462	ERR7911563	1
SAMEA10030463	ERR7911564	1
SAMEA10030464	ERR7911565	1
SAMEA10030465	ERR7911566	1
SAMEA10030466	ERR7911567	1
SAMEA10030467	ERR7911568	1
SAMEA10030468	ERR7911569	1
SAMEA10030469	ERR7911570	1
SAMEA10030470	ERR7911571	1
SAMEA10030471	ERR7911572	1
SAMEA10030472	ERR7911573	1
SAMEA10030473	ERR7911574	1
SAMEA10030474	ERR7911575	1
SAMEA10030475	ERR7911576	1
SAMEA10030476	ERR7911577	1
SAMEA10030477	ERR7911578	1
SAMEA10030478	ERR7911579	1
SAMEA10030479	ERR7911580	1
SAMEA10030480	ERR7911581	1
SAMEA10030481	ERR7911582	1
SAMEA10030482	ERR7911583	1
SAMEA10030483	ERR7911584	1
SAMEA10030484	ERR7911585	1
SAMEA10030485	ERR7911586	1
SAMEA10030486	ERR7911587	1
SAMEA10030487	ERR7911524	1
SAMEA10030488	ERR7911588	1
SAMEA10030489	ERR7911589	1
SAMEA10030490	ERR7911590	1
SAMEA10030491	ERR7911591	1
SAMEA10030492	ERR7911592	1
SAMEA10030493	ERR7911593	1
SAMEA10030494	ERR7911594	1
SAMEA10030495	ERR7911595	1
SAMEA10030496	ERR7911596	1
SAMEA10030497	ERR7911597	1
SAMEA10030498	ERR7911598	1
SAMEA10030499	ERR7911599	1
SAMEA10030500	ERR7911600	1
SAMEA10030501	ERR7911601	1
SAMEA10030502	ERR7911602	1
SAMEA10030503	ERR7911603	1
SAMEA10030504	ERR7911604	1
SAMEA10030505	ERR7911605	1
SAMEA10030506	ERR7911606	1
SAMEA10030507	ERR7911607	1
SAMEA10030508	ERR7911608	1
SAMEA10030509	ERR7911609	1
SAMEA10030510	ERR7911610	1
SAMEA10030511	ERR7911611	1
SAMEA10030512	ERR7911612	1
SAMEA10030513	ERR7911613	1
SAMEA10030514	ERR7911614	1
SAMEA10030515	ERR7911615	1
SAMEA10030516	ERR7911616	1
SAMEA10030517	ERR7911617	1
SAMEA10030518	ERR7911618	1
SAMEA10030519	ERR7911619	1
SAMEA10030520	ERR7911620	1
SAMEA10030521	ERR7911622	1
SAMEA10030522	ERR7911623	1
SAMEA10030523	ERR7911624	1
SAMEA10030524	ERR7911625	1
SAMEA10030525	ERR7911626	1
SAMEA10030526	ERR7911627	1
SAMEA10030527	ERR7911628	1
SAMEA10030528	ERR7911629	1
SAMEA10030529	ERR7911630	1
SAMEA10030530	ERR7911631	1
SAMEA10030531	ERR7911632	1
SAMEA10030532	ERR7911633	1
SAMEA10030533	ERR7911634	1
SAMEA10030534	ERR7911635	1
SAMEA10030535	ERR7911636	1
SAMEA10030536	ERR7911637	1
SAMEA10030537	ERR7911638	1
SAMEA10030538	ERR7911639	1
SAMEA10030539	ERR7911640	1
SAMEA10030540	ERR7911642	1
SAMEA10030541	ERR7911643	1
SAMEA10030542	ERR7911644	1
SAMEA10030543	ERR7911645	1
SAMEA10030544	ERR7911646	1
SAMEA10030545	ERR7911647	1
SAMEA10030546	ERR7911648	1
SAMEA10030547	ERR7911649	1
SAMEA10030548	ERR7911650	1
SAMEA10030549	ERR7911651	1
SAMEA10030550	ERR7911652	1
SAMEA10030551	ERR7911653	1
SAMEA10030552	ERR7911654	1
SAMEA10030553	ERR7911655	1
SAMEA10030554	ERR7911656	1
SAMEA10030555	ERR7911657	1
SAMEA10030556	ERR7911658	1
SAMEA10030557	ERR7911659	1
SAMEA10030558	ERR7911660	1
SAMEA10030559	ERR7911661	1
SAMEA10030560	ERR7911663	1
SAMEA10030561	ERR7911664	1
SAMEA10030562	ERR7911665	1
SAMEA10030563	ERR7911666	1
SAMEA10030564	ERR7911667	1
SAMEA10030565	ERR7911668	1
SAMEA10030566	ERR7911669	1
SAMEA10030567	ERR7911670	1
SAMEA10030568	ERR7911672	1
SAMEA10030569	ERR7911673	1
SAMEA10030570	ERR7911674	1
SAMEA10030571	ERR7911675	1
SAMEA10030572	ERR7911676	1
SAMEA10030573	ERR7911677	1
SAMEA10030574	ERR7911678	1
SAMEA10030575	ERR7911679	1
SAMEA10030576	ERR7911680	1
SAMEA10030577	ERR7911682	1
SAMEA10030578	ERR7911683	1
SAMEA10030579	ERR7911684	1
SAMEA10030580	ERR7911685	1
SAMEA10030581	ERR7911686	1
SAMEA10030582	ERR7911687	1
SAMEA10030583	ERR7911688	1
SAMEA10030584	ERR7911689	1
SAMEA10030585	ERR7911691	1
SAMEA10030586	ERR7911692	1
SAMEA10030587	ERR7911693	1
SAMEA10030588	ERR7911694	1
SAMEA10030589	ERR7911695	1
SAMEA10030590	ERR7911696	1
SAMEA10030591	ERR7911697	1
SAMEA10030592	ERR7911698	1
SAMEA10030593	ERR7911699	1
SAMEA10030594	ERR7911700	1
SAMEA10030595	ERR7911701	1
SAMEA10030596	ERR7911464	1
SAMEA10030597	ERR7911702	1
SAMEA10030598	ERR7911703	1
SAMEA10030599	ERR7911704	1
SAMEA10030600	ERR7911705	1
SAMEA10030601	ERR7911706	1
SAMEA10030602	ERR7911707	1
SAMEA10030603	ERR7911708	1
SAMEA10030604	ERR7911460	1
SAMEA10030605	ERR7911716	1
SAMEA10030606	ERR7911541	1
SAMEA10030607	ERR7911523	1
SAMEA10030608	ERR7911759	1
SAMEA10030609	ERR7911756	1
SAMEA10030610	ERR7911470	1
SAMEA10030611	ERR7911671	1
SAMEA10030612	ERR7911754	1
SAMEA10030613	ERR7911465	1
SAMEA10030614	ERR7911761	1
SAMEA10030615	ERR7911641	1
SAMEA10030616	ERR7911561	1
SAMEA10030617	ERR7911525	1
SAMEA10030618	ERR7911755	1
SAMEA10030619	ERR7911469	1
SAMEA10030620	ERR7911681	1
SAMEA10030621	ERR7911758	1
SAMEA10030622	ERR7911621	1
SAMEA10030623	ERR7911467	1
SAMEA10030624	ERR7911452	1
SAMEA10030625	ERR7911457	1
SAMEA10030626	ERR7911751	1
SAMEA10030627	ERR7911454	1
SAMEA10030628	ERR7911762	1
SAMEA10030629	ERR7911757	1
SAMEA10030630	ERR7911461	1
SAMEA10030631	ERR7911690	1
SAMEA10030632	ERR7911463	1
SAMEA10030633	ERR7911468	1
SAMEA10030634	ERR7911459	1
SAMEA10030635	ERR7911764	1
SAMEA10030636	ERR7911494	1
SAMEA10030637	ERR7911763	1
SAMEA10030638	ERR7911453	1
SAMEA10030639	ERR7911760	1
SAMEA10030640	ERR7911466	1
SAMEA10030641	ERR7911462	1
SAMEA10030642	ERR7911662	1
SAMEA10030643	ERR7911455	1
SAMEA10030644	ERR7911522	1
SAMEA10030645	ERR7911451	1
SAMEA10030646	ERR7911456	1
SAMEA10030647	ERR7911458	1
SAMEA10030648	ERR7911473	1
SAMEA10030649	ERR7911521	1
SAMEA10111007	ERR6751578	1
SAMEA10242733	ERR6879016	1
SAMEA10242734	ERR6879017	1
SAMEA10242735	ERR6879018	1
SAMEA10242736	ERR6879019	1
SAMEA10242737	ERR6879020	1
SAMEA10242738	ERR6879021	1
SAMEA10242739	ERR6879022	1
SAMEA10242740	ERR6879023	1
SAMEA10242741	ERR6879024	1
SAMEA10242742	ERR6879025	1
SAMEA10242743	ERR6879026	1
SAMEA10242744	ERR6879027	1
SAMEA10242745	ERR6879028	1
SAMEA10242746	ERR6879029	1
SAMEA10242747	ERR6879030	1
SAMEA10242748	ERR6879031	1
SAMEA10242749	ERR6879032	1
SAMEA10242750	ERR6879033	1
SAMEA10242751	ERR6879034	1
SAMEA10242752	ERR6879035	1
SAMEA10242753	ERR6879036	1
SAMEA10242754	ERR6879037	1
SAMEA10242755	ERR6879038	1
SAMEA10242756	ERR6879039	1
SAMEA10242757	ERR6879040	1
SAMEA10242758	ERR6879041	1
SAMEA10242759	ERR6879042	1
SAMEA10242760	ERR6879043	1
SAMEA10242761	ERR6879044	1
SAMEA10242762	ERR6879045	1
SAMEA10242763	ERR6879046	1
SAMEA10242764	ERR6879047	1
SAMEA10242765	ERR6879048	1
SAMEA10242766	ERR6879049	1
SAMEA10242767	ERR6879050	1
SAMEA10242768	ERR6879051	1
SAMEA10242769	ERR6879052	1
SAMEA10242770	ERR6879053	1
SAMEA104027296	ERR1949951	1
SAMEA104027297	ERR1949952	1
SAMEA104027298	ERR1949953	1
SAMEA104027299	ERR1949955,ERR1949954	1
SAMEA104027300	ERR1949956	1
SAMEA104027301	ERR1949957	1
SAMEA104027302	ERR1949958	1
SAMEA104027303	ERR1949959	1
SAMEA104027304	ERR1949960	1
SAMEA104027305	ERR1949961	1
SAMEA104027306	ERR1949962	1
SAMEA104027307	ERR1949963	1
SAMEA104027308	ERR1949964	1
SAMEA104027309	ERR1949965	1
SAMEA104027310	ERR1949966	1
SAMEA104027311	ERR2724042,ERR1949967	1
SAMEA104027312	ERR1949968	1
SAMEA104027313	ERR1949969	1
SAMEA104027314	ERR1949970	1
SAMEA104027315	ERR1949971,ERR1949972	1
SAMEA104027316	ERR1949973	1
SAMEA104027317	ERR1949975,ERR1949974	1
SAMEA104027318	ERR1949976	1
SAMEA104027319	ERR1949978,ERR1949977	1
SAMEA104027320	ERR1949979	1
SAMEA104027321	ERR1949980	1
SAMEA104027322	ERR1949981	1
SAMEA104027323	ERR1949983,ERR1949982	1
SAMEA104027324	ERR1949984	1
SAMEA104027325	ERR1949985	1
SAMEA104027326	ERR1949986	1
SAMEA104027327	ERR1949987	1
SAMEA104027328	ERR1949988	1
SAMEA104027329	ERR1949989,ERR1949990	1
SAMEA104027330	ERR1949991,ERR1949992	1
SAMEA104027331	ERR1949994,ERR1949993	1
SAMEA104027332	ERR1949995	1
SAMEA104027333	ERR1949996	1
SAMEA104027334	ERR1949997	1
SAMEA104027335	ERR1949998	1
SAMEA104027336	ERR1949999,ERR1950000	1
SAMEA104027337	ERR1950001	1
SAMEA104027338	ERR1950002	1
SAMEA104027339	ERR1950004,ERR1950003	1
SAMEA104027340	ERR1950005	1
SAMEA104027341	ERR1950006	1
SAMEA104027342	ERR1950007	1
SAMEA104027343	ERR1950008,ERR1950009	1
